No;Chemical Name;CAS_RN;SMILES;Set;FDA Classification;CAESAR class;icycem;BEHm1;BELp3;BELv1;BELv8;GATS1p;GATS2m;GATS3v;MATS1p;MATS4p;MATS4v;SdssC;SHssNH
1;Acetaldehyde;75-07-0;CC=O;Training Set;A/B;N;0;3,202;0;1,559;0;0,75;1,5;0;-0,25;0;0;0;0
2;Acetaminophen;103-90-2;CC(=O)NC1=CC=C(O)C=C1;Training Set;B;N;0,994;3,816;1,11;1,94;0,127;0,737;0,85;0,974;-0,092;-0,321;-0,319;-0,115;1,816
3;Acetazolamide;59-66-5;CC(=O)NC1=NN=C(S1)S(N)(=O)=O;Training Set;C;D;0,961;4,684;1,292;1,856;0;1,365;0,738;1,026;-0,296;-0,122;-0,145;-0,35;1,99
4;Acetohexamide;968-81-0;CC(=O)C1=CC=C(C=C1)S(=O)(=O)NC(=O)NC2CCCCC2;Training Set;C;D;0,845;4,63;1,66;2,033;0,996;1,471;1,062;1,213;-0,471;0,133;0,046;-0,852;4,124
5;Acid(isotretinoin);4759-48-2;CC(\C=C\C1=C(C)CCCC1(C)C)=C/C=C/C(C)=C\C(O)=O;Training Set;X;D;0,845;3,845;1,674;1,995;1,174;0,525;0,385;0,398;0;-0,069;-0,069;3,923;0
6;Allantoin;97-59-6;NC(=O)NC1NC(=O)NC1=O;Training Set;A/B;N;0,994;3,722;1,392;1,731;0,045;1,521;0,578;1,368;-0,572;0,009;0,011;-2,13;5,852
7;Alprazolam;28981-97-7;CC1=NN=C2CN=C(C3=CC=CC=C3)C4=C(C=CC(Cl)=C4)N12;Test Set;D;D;0,96;4,072;1,679;2;0,903;0,799;0,64;0,882;0,069;-0,009;-0,051;0,933;0
8;Amiloride;2609-46-3;NC(=N)NC(=O)C1=NC(Cl)=C(N)N=C1N;Training Set;B (D if used during pregnancy induced hypertension);D;0,971;3,96;1,313;1,927;0,405;1,073;0,738;1,043;-0,287;0,343;0,28;-1,302;2,042
9;Aminacrine;90-45-9;NC1=C2C=CC=CC2=NC3=CC=CC=C13;Training Set;A/B;N;0,982;4,1;1,359;2,158;0,193;0,713;1,01;1,454;-0,05;0,123;0,123;0;0
10;Aminoglutethimide;125-84-8;CCC1(CCC(=O)NC1=O)C2=CC=C(N)C=C2;Training Set;D;D;0,937;3,904;1,511;2,017;0,64;0,668;0,546;1,016;-0,04;0,003;0,02;-0,379;1,934
11;Aminopterin;54-62-6;NC1=NC(N)=C2N=C(CNC3=CC=C(C=C3)C(=O)N[C@@H](CCC(O)=O)C(O)=O)C=NC2=N1;Training Set;X;D;0,758;4,007;1,805;2,073;1,173;0,993;0,665;0,874;-0,201;-0,14;-0,16;-3,066;4,038
12;Amitriptyline;50-48-6;CN(C)CC\C=C1\C2=CC=CC=C2CCC3=C1C=CC=C3;Training Set;C;D;0,991;3,979;1,764;1,994;0,984;1,37;0,339;0,3;-0,087;0,017;0,017;1,417;0
13;Amobarbital;57-43-2;CCC1(CCC(C)C)C(=O)NC(=O)NC1=O;Training Set;D;D;0,954;3,81;1,511;1,95;0,629;0,834;0,456;1,342;-0,137;0,354;0,371;-1,655;3,976
14;Amoxicillin;26787-78-0;[H][C@]12SC(C)(C)[C@@]([H])(N1C(=O)[C@@]2([H])NC(=O)[C@H](N)C3=CC=C(O)C=C3)C(O)=O;Training Set;B;N;0,76;4,111;1,713;1,972;0,996;0,735;1,518;0,745;-0,014;-0,602;-0,578;-1,999;2,047
15;Ampicillin;69-53-4;[H][C@]12SC(C)(C)[C@@]([H])(N1C(=O)[C@@]2([H])NC(=O)[C@H](N)C3=CC=CC=C3)C(O)=O;Training Set;B;N;0,777;4,111;1,712;1,968;0,996;0,732;1,526;0,706;-0,015;-0,628;-0,605;-1,857;2,028
16;Anileridine;144-14-9;CCOC(=O)C1(CCN(CCC2=CC=C(N)C=C2)CC1)C3=CC=CC=C3;Test Set;B (D if used for prolonged periods or in high doses);D;0,779;3,902;1,794;2,025;1,084;0,871;0,649;1,099;-0,102;-0,278;-0,277;-0,079;0
17;Ascorbic Acid;50-81-7;OC[C@H](O)[C@H]1OC(=O)C(O)=C1O;Training Set;A/B;N;0,98;3,796;1,278;1,768;0,133;1,069;1,186;0,863;-0,167;-0,091;-0,091;-2,779;0
18;Atropine;51-55-8;CN1C2CCC1CC(C2)OC(=O)C(CO)C3=CC=CC=C3;Test Set;C;D;0,863;3,857;1,638;1,965;0,957;0,834;0,703;1,061;-0,115;0,209;0,204;-0,294;0
19;Azacitidine;320-67-2;NC1=NC(=O)N(C=N1)[C@@H]2O[C@H](CO)[C@@H](O)[C@H]2O;Training Set;A/B;N;0,908;3,824;1,55;1,881;0,569;1,295;0,888;1,153;-0,422;0,117;0,1;-0,953;0
20;Azatadine;3964-81-6;CN1CC\C(CC1)=C2/C3=NC=CC=C3CCC4=C2C=CC=C4;Training Set;B;N;0,972;3,993;1,828;2,018;0,966;1,155;0,825;0,722;-0,12;-0,078;-0,078;3,018;0
21;Bacampicillin;50972-17-3;CCOC(=O)OC(C)OC(=O)[C@H]1C(S[C@H]2N1C(=O)[C@H]2NC(=O)[C@@H](C3=CC=CC=C3)N)(C)C;Training Set;B;N;0,662;4,113;1,756;1,969;1,193;0,905;1,55;0,861;-0,099;-0,402;-0,336;-2,54;2,078
22;Beclomethasone;4419-39-0;C[C@H]1C[C@H]2[C@@H]3CCC4=CC(=O)C=C[C@@]4([C@]3([C@H](C[C@@]2([C@]1(C(=O)CO)O)C)O)Cl)C;Training Set;C;D;0,928;4,073;1,757;2,067;1,202;0,508;0,82;0,704;0,016;-0,02;-0,057;0,311;0
23;Bendroflumethiazide;73-48-3;C1=CC=C(C=C1)CC2NC3=C(C=C(C(=C3)C(F)(F)F)S(=O)(=O)N)S(=O)(=O)N2;Training Set;C (D if used in pregnancy induced hypertension);D;0,826;4,681;1,705;2,117;0,996;1,446;0,829;0,985;-0,398;-0,259;-0,411;0;4,312
24;Benzthiazide;91-33-8;C1=CC=C(C=C1)CSCC2=NS(=O)(=O)C3=CC(=C(C=C3N2)Cl)S(=O)(=O)N;Test Set;C (D if used in pregnancy induced hypertension);D;0,84;4,69;1,694;2,1;0,937;1,542;0,852;1,037;-0,559;0,157;-0,158;0,248;2,088
25;Brompheniramine;86-22-6;CN(C)CCC(C1=CC=C(C=C1)Br)C2=CC=CC=N2;Training Set;C;D;0,9;6,842;1,74;2;0,929;0,682;0,736;0,726;-0,001;-0,001;-0,026;0;0
26;Busulfan;55-98-1;CS(=O)(=O)OCCCCOS(=O)(=O)C;Training Set;D;D;0;4,596;1,554;1,908;0,4;2,127;0,554;0,945;-0,801;-0,048;-0,239;0;0
27;Butabarbital;125-40-6;CCC(C)C1(C(=O)NC(=O)NC1=O)CC;Test Set;D;D;0,971;3,824;1,488;1,959;0,625;0,855;0,457;1,197;-0,15;0,117;0,137;-1,682;3,976
28;Butalbital;77-26-9;CC(C)CC1(C(=O)NC(=O)NC1=O)CC=C;Training Set;C (D if used for prolonged periods or in high doses);D;0,954;3,819;1,564;1,953;0,75;0,834;0,456;1,342;-0,137;0,366;0,379;-1,817;4,016
29;Butorphanol;42408-82-2;C1CC[C@]2([C@H]3CC4=C([C@]2(C1)CCN3CC5CCC5)C=C(C=C4)O)O;Training Set;C (D if used for prolonged periods or in high doses);D;0,933;4,018;1,791;2,125;1,053;0,646;0,826;0,994;-0,041;-0,142;-0,138;0;0
30;Butriptyline;15686-37-0;CC(CC1C2=CC=CC=C2CCC3=CC=CC=C13)CN(C)C;Training Set;D;D;0,983;3,969;1,801;2,004;0,989;1,375;0,333;0,595;-0,083;0,019;0,019;0;0
31;Caffeine;58-08-2;CN1C=NC2=C1C(=O)N(C)C(=O)N2C;Test Set;B;N;0,998;3,969;1,417;1,903;0;1,369;0,456;1,309;-0,622;0,143;0,156;-0,677;0
32;Camphor;76-22-2;CC1(C)C2CCC1(C)C(=O)C2;Training Set;C;D;0,999;3,922;1,228;1,831;0,253;0,458;0,524;1,158;0,008;-1;-1;0,513;0
33;Caramiphen;77-22-5;CCN(CC)CCOC(=O)C1(CCCC1)C2=CC=CC=C2;Training Set;A/B;N;0,83;3,895;1,629;1,966;0,996;0,943;0,663;1,117;-0,129;-0,33;-0,334;-0,029;0
34;Carbenicillin;4697-36-3;[H][C@]12SC(C)(C)[C@@]([H])(N1C(=O)[C@@]2([H])NC(=O)C(C(O)=O)C3=CC=CC=C3)C(O)=O;Test Set;B;N;0,744;4,111;1,713;1,971;0,996;0,725;1,507;0,814;-0,013;-0,35;-0,289;-3,721;2,119
35;Carbimazole;22232-54-8;CCOC(=O)N1C=CN(C)C1=S;Training Set;D;D;0,98;3,949;1,473;1,705;0;0,839;0,659;1,139;-0,173;-0,511;-0,306;0,011;0
36;Cefaclor;53994-73-3;[H][C@]12SCC(Cl)=C(N1C(=O)[C@@]2([H])NC(=O)C(N)C3=CC=CC=C3)C(O)=O;Training Set;B;N;0,811;4,106;1,614;1,992;0,859;0,703;0,878;0,709;-0,014;-0,397;-0,497;-2,357;2,058
37;Cefadroxil;50370-12-2;CC1=C(N2C(SC1)C(NC(=O)C(N)C3=CC=C(O)C=C3)C2=O)C(O)=O;Training Set;B;N;0,795;4,068;1,66;2,004;0,996;0,735;0,977;0,747;-0,014;-0,361;-0,477;-1,538;2,063
38;Cefamandole;34444-01-4;[H][C@@]2(NC(=O)C(O)C1=CC=CC=C1)C(=O)N3C(C(O)=O)=C(CSC4=NN=NN4C)CS[C@]23[H];Training Set;B;N;0,695;4,109;1,72;2,001;1,05;0,693;1,002;0,801;0,087;-0,157;-0,425;-1,943;2,125
39;Cefatrizine;51627-14-6;[H][C@@]2(NC(=O)C(N)C1=CC=C(O)C=C1)C(=O)N3C(C(O)=O)=C(CSC4=CNN=N4)CS[C@]23[H];Test Set;B;N;0,695;4,104;1,659;2,004;1,076;0,693;1,04;0,792;0,07;-0,147;-0,399;-1,707;4,008
40;Cefotaxime;63527-52-6;[H][C@]2(NC(=O)\C(=N/OC)C1=CSC(N)=N1)C(=O)N3C(C(O)=O)=C(COC(C)=O)CS[C@@]23[H];Training Set;B;N;0,705;4,208;1,657;1,998;1,2;0,814;1,063;0,814;0,001;-0,165;-0,197;-3,306;2,212
41;Cefoxitin;35607-66-0;[H][C@@]12SCC(COC(N)=O)=C(N1C(=O)[C@@]2(NC(=O)CC3=CC=CS3)OC)C(O)=O;Training Set;B;N;0,733;4,2;1,621;2,007;1,16;0,816;1,094;0,798;-0,028;-0,332;-0,375;-3,587;2,19
42;Ceftizoxime;68401-81-0;[H][C@@]2(NC(=O)\C(=N/OC)C1=CSC(N)=N1)C(=O)N3C(=CCS[C@]23[H])C(O)=O;Test Set;B;N;0,778;4,207;1,544;1,985;0,807;0,765;1,061;0,799;0,032;-0,111;-0,196;-2,511;2,167
43;Cefuroxime;55268-75-2;[H][C@@]2(NC(=O)\C(=N/OC)C1=CC=CO1)C(=O)N3C(C(O)=O)=C(COC(N)=O)CS[C@]23[H];Training Set;B;N;0,718;4,072;1,65;1,998;1,216;0,899;1,048;0,827;-0,069;-0,156;-0,143;-3,986;2,208
44;Cephalexin;15686-71-2;[H][C@]12SCC(C)=C(N1C(=O)[C@H]2NC(=O)[C@H](N)C3=CC=CC=C3)C(O)=O;Training Set;B;N;0,811;4,068;1,656;2,003;0,996;0,732;0,975;0,709;-0,015;-0,367;-0,497;-1,345;2,044
45;Cephalothin;153-61-7;[H][C@@]2(NC(=O)CC1=CC=CS1)C(=O)N3C(C(O)=O)=C(COC(C)=O)CS[C@]23[H];Test Set;B;N;0,762;4,2;1,623;1,997;1,063;0,761;1,118;0,765;-0,006;-0,405;-0,418;-2,33;2,04
46;Cephapirin;21593-23-7;[H][C@@]2(NC(=O)CSC1=CC=NC=C1)C(=O)N3C(C(O)=O)=C(COC(C)=O)CS[C@]23[H];Test Set;B;N;0,75;4,076;1,703;1,997;0,996;0,79;1,14;0,785;-0,02;-0,305;-0,355;-2,416;2,059
47;Cephradine;38821-53-3;[H][C@]12SCC(C)=C(N1C(=O)[C@@]2([H])NC(=O)[C@H](N)C3=CCC=CC3)C(O)=O;Training Set;B;N;0,811;4,067;1,658;2,001;1,045;0,732;0,975;0,709;-0,015;-0,367;-0,497;-0,416;2,027
48;Chlorambucil;305-03-3;OC(=O)CCCC1=CC=C(C=C1)N(CCCl)CCCl;Test Set;D;D;0,9;3,873;1,605;1,983;0,769;0,671;0,465;0,687;-0,049;0,036;0,024;-0,743;0
49;Chloramphenicol;56-75-7;OC[C@@H](NC(=O)C(Cl)Cl)[C@H](O)C1=CC=C(C=C1)[N+]([O-])=O;Training Set;C;D;0,881;3,94;1,452;1,985;0,567;0,493;0,458;1,133;0,168;-0,168;-0,252;-0,756;1,994
50;Chlordiazepoxide;58-25-3;CNC1=NC2=C(C=C(Cl)C=C2)C(C3=CC=CC=C3)=[N+]([O-])C1;Training Set;D;D;0,94;4,029;1,743;2,002;0,845;0,596;0,691;0,99;0,15;0,068;0,025;1,21;1,772
51;Chlorothiazide;58-94-6;NS(=O)(=O)C1=CC2=C(C=C1Cl)N=CNS2(=O)=O;Training Set;C;D;0,986;4,685;1,358;2,095;0,205;1,742;0,885;1,052;-0,635;0,006;-0,309;0;2,103
52;Chlorotrianisene; 569-57-3;COC1=CC=C(C=C1)\C(Cl)=C(\C2=CC=C(OC)C=C2)C3=CC=C(OC)C=C3;Training Set;X;D;0,764;4,03;1,863;2,024;0,996;0,941;0,723;0,68;-0,084;0,074;0,041;1,597;0
53;Chlorpheniramine;132-22-9;CN(C)CCC(C1=CC=C(Cl)C=C1)C2=CC=CC=N2;Training Set;B;N;0,9;3,958;1,741;2,002;0,93;1,054;0,745;0,805;-0,087;-0,07;-0,125;0;0
54;Chlorpropamide;94-20-2;CCCNC(=O)NS(=O)(=O)C1=CC=C(Cl)C=C1;Training Set;C;D;0,937;4,631;1,548;2,014;0,536;1,578;1,027;1,366;-0,556;0,291;0,213;-0,734;4,035
55;Chlortetracycline;57-62-5;[H][C@@]12CC3C(=C(O)[C@]1(O)C(=O)C(C(N)=O)=C(O)[C@H]2N(C)C)C(=O)C4=C(C(Cl)=CC=C4O)[C@@]3(C)O;Training Set;D;D;0,885;4,083;1,682;2,098;1,146;0,667;0,639;0,985;-0,021;0,007;-0,007;-6,72;0
56;Chlorthalidone;77-36-1;NS(=O)(=O)C1=CC(=CC=C1Cl)C2(O)NC(=O)C3=C2C=CC=C3;Training Set;C (D if used in pregnancy induced hypertension);D;0,876;4,628;1,601;2,028;0,746;1,306;0,663;1,04;-0,41;-0,179;-0,231;-0,454;2,107
57;Ciclopirox;29342-05-0;CC1=CC(=O)N(O)C(=C1)C2CCCCC2;Test Set;B;N;0,971;3,842;1,344;1,987;0,501;0,449;0,694;1,017;0,223;-0,363;-0,357;1,418;0
58;Cimetidine;51481-61-9;CN\C(NCCSCC1=C(C)NC=N1)=N/C#N;Training Set;B;N;0,874;3,947;1,573;1,794;0,71;1,009;0,902;1,324;-0,104;0,1;0,209;0,504;5,2
59;Cinoxacin;28657-80-9;CCN1N=C(C(O)=O)C(=O)C2=CC3=C(OCO3)C=C12;Test Set;C;D;0,986;3,983;1,529;2,01;0,609;0,948;0,806;0,89;-0,158;0,246;0,233;-2,453;0
60;Clindamycin;18323-44-9;[H][C@]1(CCC)CN(C)[C@@]([H])(C1)C(=O)N[C@H](C(C)Cl)[C@H]2O[C@H](SC)[C@H](O)[C@@H](O)[C@H]2O;Test Set;B;N;0,729;3,932;1,763;1,94;1,215;0,787;0,726;0,889;-0,043;-0,094;-0,083;-0,147;1,987
61;Clomiphene;911-45-5;CCN(CC)CCOC1=CC=C(C=C1)\C(=C(/Cl)C2=CC=CC=C2)C3=CC=CC=C3;Training Set;X;D;0,736;4,023;1,858;2,021;0,996;1,012;0,752;0,536;-0,057;0,014;-0,038;1,764;0
62;Clomipramine;303-49-1;CN(C)CCCN1C2=C(CCC3=C1C=C(Cl)C=C3)C=CC=C2;Training Set;C;D;0,983;4,009;1,772;1,983;0,965;1,208;0,683;1,249;-0,095;0,073;0,294;0;0
63;Clomocycline;1181-54-0;[H][C@@]12C[C@@]3([H])C(=C(O)[C@]1(O)C(=O)C(=C(O)[C@H]2N(C)C)C(=O)NCO)C(=O)C4=C(O)C=CC(Cl)=C4[C@@]3(C)O;Test Set;D;D;0,863;4,084;1,7;2,099;1,179;0,707;0,65;0,981;-0,043;0,029;0,017;-6,694;2,088
64;Clonazepam;1622-61-3;[O-][N+](=O)C1=CC=C2NC(=O)CN=C(C3=CC=CC=C3Cl)C2=C1;Test Set;D;D;0,926;4,016;1,653;2,004;0,83;0,451;0,687;0,754;0,223;-0,216;-0,219;0,18;2,035
65;Clotrimazole;23593-75-1;ClC1=C(C=CC=C1)C(N2C=CN=C2)(C3=CC=CC=C3)C4=CC=CC=C4;Training Set;B;N;0,778;4,071;1,825;2,065;0,996;0,994;0,653;1,038;-0,059;-0,172;-0,111;0;0
66;Cloxacillin;61-72-3;[H][C@@]3(NC(=O)C1=C(C)ON=C1C2=C(Cl)C=CC=C2)C(=O)N4[C@]3([H])SC(C)(C)[C@]4([H])C(O)=O;Training Set;B;N;0,693;4,117;1,729;1,942;1,117;0,684;1,061;0,797;0,04;-0,326;-0,268;-1,991;2,151
67;Codeine;76-57-3;[H][C@@]12CC3=C4C(O[C@H]5[C@@H](O)C=C[C@]1([H])[C@@]45CCN2C)=C(OC)C=C3;Training Set;C (D if used for prolonged periods or in high doses);D;0,999;4,071;1,642;2,088;0,955;0,908;0,812;0,75;-0,134;-0,216;-0,214;0;0
68;Cortisone;53-06-5;[H][C@@]12CCC3=CC(=O)CC[C@]3(C)[C@@]1([H])C(=O)C[C@@]4(C)[C@@]2([H])CC[C@]4(O)C(=O)CO;Training Set;C (D if used in first trimester);D;0,95;3,988;1,729;2,071;1,171;0,534;0,645;0,682;0,025;-0,078;-0,078;0,835;0
69;Cortisone Acetate;50-04-4;[H][C@@]12CCC3=CC(=O)CC[C@]3(C)[C@@]1([H])C(=O)C[C@@]4(C)[C@@]2([H])CC[C@]4(O)C(=O)COC(C)=O;Training Set;C (D if used in the first trimester);D;0,916;3,989;1,74;2,072;1,26;0,644;0,679;0,664;-0,015;-0,091;-0,091;0,279;0
70;Coumarin;91-64-5;O=C1OC2=C(C=CC=C2)C=C1;Training Set;D;D;0,918;3,886;1,057;1,983;0;0,764;0,764;1,091;-0,083;-0,236;-0,236;-0,302;0
71;Cromolyn;16110-51-3;OC(COC1=CC2=C(OC(=CC2=O)C(O)=O)C=C1)COC3=CC=CC4=C3C(=O)C=C(O4)C(O)=O;Training Set;B;N;0,752;3,955;1,731;2,006;1,173;0,899;1,004;0,895;-0,121;0,008;0,008;-4,914;0
72;Cyclacillin;3485-14-1;[H][C@@]2(NC(=O)C1(N)CCCCC1)C(=O)N3[C@@H](C(O)=O)C(C)(C)S[C@]23[H];Training Set;B;N;0,794;4,111;1,703;1,972;1,076;0,733;1,474;0,789;-0,015;-0,637;-0,622;-1,619;1,977
73;Cyclazocine;3572-80-3;CC1C2CC3=C(C=C(O)C=C3)C1(C)CCN2CC4CC4;Training Set;D;D;0,946;3,983;1,527;2,094;0,959;0,751;0,76;0,785;-0,062;-0,054;-0,051;0;0
74;Cyclopenthiazide;742-20-1;ON(O)SC1=CC2=C(NC(CC3CCCC3)NS2(=O)=O)C=C1Cl;Training Set;C (D if used in pregnancy induced hypertension);D;0,873;4,684;1,617;2,103;0,782;1,689;0,815;1,061;-0,638;-0,004;-0,266;0;4,014
75;Cyproheptadine;129-03-3;CN1CCC(\CC1)=C2\C3=C(C=CC=C3)C=CC4=C2C=CC=C4;Training Set;B;N;0,972;4,01;1,827;2,018;0,937;1,32;0,629;0,275;-0,078;0,019;0,019;3,089;0
76;Cytarabine;147-94-4;NC1=NC(=O)N(C=C1)[C@@H]2O[C@H](CO)[C@@H](O)[C@@H]2O;Training Set;D;D;0,908;3,83;1,554;1,897;0,579;1,127;0,919;1,037;-0,298;0,022;0,006;-0,641;0
77;Daunorubicin;20830-81-3;COC1=CC=CC2=C1C(=O)C3=C(C(O)=C4C[C@](O)(C[C@H](O[C@H]5C[C@H](N)[C@H](O)[C@H](C)O5)C4=C3O)C(C)=O)C2=O;Training Set;D;D;0,817;4,078;1,892;2,103;1,325;0,795;0,896;1,044;-0,064;-0,082;-0,086;-2,069;0
78;Demeclocycline;127-33-3;[H][C@@]1(O)C2=C(C(O)=CC=C2Cl)C(=O)C3=C(O)[C@]4(O)C(=O)C(C(N)=O)=C(O)[C@@]([H])(N(C)C)[C@]4([H])C[C@]13[H];Training Set;D;D;0,896;4,072;1,678;2,092;1,138;0,672;0,648;1,018;-0,021;-0,03;-0,043;-6,677;0
79;Dexamethasone;50-02-2;[H][C@@]12C[C@@H](C)[C@](O)(C(=O)CO)[C@@]1(C)C[C@H](O)[C@@]3(F)[C@@]2([H])CCC4=CC(=O)C=C[C@]34C;Test Set;C (D if used in first trimester);D;0,928;4,013;1,758;2,074;1,204;0,553;0,76;0,865;0,026;-0,141;-0,14;-0,12;0
80;Diatrizoate;117-96-4;CC(=O)NC1=C(I)C(NC(C)=O)=C(I)C(C(O)=O)=C1I;Training Set;D;D;0,881;10,679;1,549;1,921;0,494;0,503;0,787;1,09;0,009;0,205;0,074;-1,743;4,031
81;Diazepam;439-14-5;CN1C(=O)CN=C(C2=CC=CC=C2)C3=C1C=CC(Cl)=C3;Training Set;D;D;0,954;4,011;1,673;1,991;0,803;0,788;0,668;0,842;-0,084;-0,119;-0,174;0,778;0
82;Dibenzepin;4498-32-2;CN(C)CCN1C(=O)C2=C(C=CC=C2)N(C)C3=C1C=CC=C3;Training Set;D;D;0,983;3,975;1,745;1,978;0,964;1,154;0,738;1,072;-0,246;-0,135;-0,131;0,064;0
83;Dicloxacillin;3116-76-5;[H][C@@]3(NC(=O)C1=C(C)ON=C1C2=C(Cl)C=CC=C2Cl)C(=O)N4[C@]3([H])SC(C)(C)[C@]4([H])C(O)=O;Training Set;B;N;0,68;4,124;1,728;1,936;1,117;0,663;0,953;0,77;0,042;-0,268;-0,241;-2,084;2,168
84;Dicoumarol;66-76-2;OC1=C(CC2=C(O)C3=C(OC2=O)C=CC=C3)C(=O)OC4=C1C=CC=C4;Training Set;D;D;0,873;3,972;1,659;2,028;0,857;0,752;0,77;1,259;-0,06;0,075;0,075;-2,336;0
85;Dicyclomine;77-19-0;CCN(CC)CCOC(=O)C1(CCCCC1)C2CCCCC2;Training Set;B;N;0,845;3,824;1,788;2,014;1,272;0,941;0,668;1,062;-0,123;-0,305;-0,308;0,131;0
86;Dienestrol;84-17-3;C\C=C(C1=CC=C(O)C=C1)\C(=C\C)C2=CC=C(O)C=C2;Training Set;X;D;0,881;3,925;1,633;2,006;0,996;0,503;0,754;0,704;0,005;0,032;0,032;2,191;0
87;Diethylpropion;90-84-6;CCN(CC)C(C)C(=O)C1=CC=CC=C1;Training Set;B;N;0,971;3,833;1,465;1,958;0,663;0,88;1,006;0,969;-0,121;-0,245;-0,245;0,208;0
88;Diethylstilbestrol;56-53-1;CC\C(C1=CC=C(O)C=C1)=C(\CC)C2=CC=C(O)C=C2;Test Set;X;D;0,881;3,928;1,65;2,015;0,996;0,503;0,754;0,704;0,005;0,032;0,032;2,552;0
89;Diphenadione;82-66-6;O=C(C(C1=CC=CC=C1)C2=CC=CC=C2)C3C(=O)C4=C(C=CC=C4)C3=O;Training Set;D;D;0,805;3,987;1,836;2,009;0,996;0,487;0,689;1,256;0,013;0,331;0,331;-1,159;0
90;Diphenhydramine;58-73-1;CN(C)CCOC(C1=CC=CC=C1)C2=CC=CC=C2;Training Set;B;N;0,9;3,885;1,763;1,999;0,996;1,163;1,033;1,241;-0,146;-0,258;-0,263;0;0
91;Dipyridamole;58-32-2;OCCN(CCO)C1=NC2=C(N=C(N=C2N3CCCCC3)N(CCO)CCO)C(=N1)N4CCCCC4;Test Set;C;D;0,699;4,063;1,832;2,115;1,365;1,145;0,638;0,641;-0,344;-0,26;-0,252;0;0
92;Docusate;10041-19-7;CCCCC(CC)COC(=O)CC(C(=O)OCC(CC)CCCC)S(O)(=O)=O;Training Set;C;D;0;4,605;1,792;1,944;1,322;1,511;0,872;1,314;-0,472;0,041;0,199;-1,931;0
93;Dothiepin;113-53-1;CN(C)CC\C=C1\C2=C(CSC3=C1C=CC=C3)C=CC=C2;Training Set;D;D;0,991;4,089;1,764;1,992;0,942;0,985;1,02;0,382;0,003;-0,028;0,026;1,396;0
94;Doxorubicin;23214-92-8;[H][C@@]1(C[C@@](O)(CC2=C(O)C3=C(C(O)=C12)C(=O)C4=C(C=CC=C4OC)C3=O)C(=O)CO)O[C@H]5C[C@H](N)[C@H](O)[C@H](C)O5;Training Set;D;D;0,807;4,078;1,892;2,103;1,34;0,802;0,884;1,009;-0,061;-0,075;-0,079;-2,509;0
95;Doxylamine;469-21-6;CN(C)CCOC(C)(C1=CC=CC=C1)C2=NC=CC=C2;Training Set;A;N;0,881;3,905;1,763;2,007;0,96;1,187;1,304;0,955;-0,2;-0,277;-0,281;0;0
96;Encainide;37612-13-8;COC1=CC=C(C=C1)C(=O)NC2=C(CCC3CCCCN3C)C=CC=C2;Training Set;B;N;0,779;3,896;1,879;2,003;1,181;0,955;0,745;1,071;-0,135;-0,192;-0,188;-0,088;1,999
97;Ephedrine;299-42-3;CN[C@@H](C)[C@H](O)C1=CC=CC=C1;Training Set;C;D;1;3,817;1,318;1,96;0,286;0,722;0,863;1,106;-0,078;-0,351;-0,348;0;1,518
98;Epinephrine;51-43-4;CNC[C@H](O)C1=CC(O)=C(O)C=C1;Test Set;C;D;0,996;3,854;1,316;1,962;0,343;0,75;0,956;0,969;-0,08;-0,503;-0,496;0;1,539
99;Estradiol;50-28-2;[H][C@]12CC[C@]3(C)[C@@H](O)CC[C@@]3([H])[C@]1([H])CCC4=C2C=CC(O)=C4;Training Set;X;D;0,999;3,975;1,667;2,073;0,937;0,459;0,586;0,812;0,014;-0,037;-0,037;0;0
100;Estrone;53-16-7;[H][C@]12CC[C@]3(C)C(=O)CC[C@@]3([H])[C@]1([H])CCC4=C2C=CC(O)=C4;Training Set;X;D;0,999;3,977;1,646;2,072;0,905;0,459;0,586;0,812;0,014;-0,037;-0,037;0,512;0
101;Ethacrynic Acid;58-54-8;CCC(=C)C(=O)C1=C(Cl)C(Cl)=C(OCC(O)=O)C=C1;Training Set;B (D if used in pregnancy induced hypertension);D;0,9;4,071;1,569;1,938;0,643;0,659;0,837;0,688;-0,043;-0,199;-0,139;-1,011;0
102;Ethambutol;74-55-5;CCC(CO)NCCNC(CC)CO;Training Set;B;N;0;3,59;1,516;1,873;0,706;0,913;0,876;0,655;-0,197;-0,327;-0,329;0;3,091
103;Ethanol;64-17-5;CCO;Training Set;D (X if used for prolonged periods);D;0;3,163;0,292;1,616;0;0,75;1,5;0;-0,25;0;0;0;0
104;Ethinyl Estradiol;57-63-6;[H][C@]12CC[C@@]3(C)[C@@]([H])(CC[C@@]3(O)C#C)[C@]1([H])CCC4=C2C=CC(O)=C4;Training Set;X;D;0,988;3,986;1,7;2,074;1,008;0,462;0,722;0,879;0,012;-0,022;-0,022;0;0
105;Ethisterone;434-03-7;CC12CCC(=O)C=C1CCC3C2CCC4(C)C3CC[C@@]4(O)C#C;Test Set;D;D;0,98;3,972;1,7;2,074;1,142;0,463;0,7;0,827;0,011;-0,014;-0,014;1,725;0
106;Ethoheptazine;77-15-6;CCOC(=O)C1(CCCN(C)CC1)C2=CC=CC=C2;Training Set;C;D;0,927;3,885;1,708;1,984;0,921;0,95;0,607;1,046;-0,143;-0,263;-0,263;-0,059;0
107;Ethyl Biscoumacetate;548-00-5;CCOC(=O)C(C1=C(O)C2=C(OC1=O)C=CC=C2)C3=C(O)C4=C(OC3=O)C=CC=C4;Test Set;D;D;0,802;3,992;1,731;2,036;1,096;0,824;0,772;1,171;-0,091;-0,182;-0,182;-5,255;0
108;Ethynodiol;1231-93-2;[H][C@]12CC[C@H](O)C=C1CC[C@]3([H])[C@]2([H])CC[C@@]4(C)[C@@]3([H])CC[C@@]4(O)C#C;Training Set;D;D;0,988;3,956;1,704;2,065;1,081;0,462;0,722;0,879;0,012;-0,022;-0,022;1,522;0
109;Ethynodiol Diacetate;297-76-7;[H][C@]12CC[C@H](OC(C)=O)C=C1CC[C@]3([H])[C@]2([H])CC[C@@]4(C)[C@@]3([H])CC[C@@]4(OC(C)=O)C#C;Training Set;D;D;0,928;3,965;1,737;2,067;1,248;0,762;0,738;0,644;-0,059;-0,031;-0,031;1,049;0
110;Etoposide;33419-42-0;[H][C@]12COC(=O)[C@]1([H])[C@H](C3=CC(OC)=C(O)C(OC)=C3)C4=C(C=C5OCOC5=C4)[C@H]2O[C@@H]6O[C@@H]7CO[C@@H](C)O[C@H]7[C@H](O)[C@H]6O;Test Set;D;D;0,73;4,042;1,89;2,066;1,433;1,047;0,876;0,798;-0,216;-0,02;-0,02;-0,429;0
111;Etretinate;54350-48-0;CCOC(=O)\C=C(C)\C=C\C=C(C)\C=C\C1=C(C)C(C)=C(OC)C=C1C;Test Set;X;D;0,779;3,931;1,702;2,011;1,255;0,906;0,693;0,764;-0,087;-0,136;-0,136;1,669;0
112;Fenoprofen;31879-05-7;CC(C(O)=O)C1=CC(OC2=CC=CC=C2)=CC=C1;Training Set;B (D if used in the third trimester);D;0,918;3,882;1,584;1,986;0,82;0,716;0,816;1,133;-0,053;-0,22;-0,22;-0,841;0
113;Fenoterol;13392-18-2;CC(CC1=CC=C(O)C=C1)NCC(O)C2=CC(O)=CC(O)=C2;Test Set;B;N;0,845;3,866;1,715;1,977;0,996;0,65;0,89;0,945;-0,028;-0,147;-0,135;0;1,706
114;Fentanyl;437-38-7;CCC(=O)N(C1CCN(CC1)CCC2=CC=CC=C2)C3=CC=CC=C3;Training Set;C (D if used for prolonged periods or in high doses);D;0,795;3,863;1,836;2,004;0,997;0,991;0,832;1,211;-0,131;0,031;0,012;0,23;0
115;Flunitrazepam;1622-62-4;CN1C(=O)CN=C(C2=CC=CC=C2F)C3=C1C=CC(=C3)[N+]([O-])=O;Training Set;D;D;0,911;3,982;1,69;2,011;0,853;0,579;0,68;0,893;0,126;-0,144;-0,144;-0,036;0
116;Fluorouracil;51-21-8;FC1=CNC(=O)NC1=O;Training Set;D (X according to manufactor);D;0,918;3,712;1,064;1,832;0;1,137;0,914;1,083;-0,332;-0,325;-0,314;-2,699;3,916
117;Fluoxetine;54910-89-3;CNCCC(OC1=CC=C(C=C1)C(F)(F)F)C2=CC=CC=C2;Training Set;C;D;0,845;3,879;1,701;1,984;0,996;0,724;0,544;1,096;-0,071;-0,143;-0,148;0;1,546
118;Folic Acid;59-30-3;NC1=NC(=O)C2=C(N1)N=CC(CNC3=CC=C(C=C3)C(=O)N[C@@H](CCC(O)=O)C(O)=O)=N2;Test Set;A (C if used above RDA);N;0,758;3,926;1,803;2,006;1,104;0,979;0,67;0,895;-0,194;-0,099;-0,114;-3,749;6,098
119;Formaldehyde;50-00-0;[H]C([H])=O;Training Set;A/B;N;0;2,943;0;1,322;0;1;0;0;-1;0;0;0;0
120;Furazolidone;67-45-8;[O-][N+](=O)C1=CC=C(O1)\C=N\N2CCOC2=O;Training Set;C;D;0,896;3,893;1,526;1,75;0,074;0,947;0,865;0,825;-0,102;-0,413;-0,405;-0,544;0
121;Gentian Violet;548-62-9;CN(C)C1=CC=C(C=C1)\C(C2=CC=C(C=C2)N(C)C)=C3\C=CC(\C=C3)=[N+](/C)C;Training Set;C;D;0,75;3,986;1,902;2,054;1,117;1,512;0,72;0,672;-0,216;0,04;0,04;3,677;0
122;Glyburide;10238-21-8;COC1=CC=C(Cl)C=C1C(=O)NCCC2=CC=C(C=C2)S(=O)(=O)NC(=O)NC3CCCCC3;Test Set;C;D;0,684;4,63;1,91;2,037;1,272;1,351;0,901;1,228;-0,404;0,209;0,168;-1,021;6,131
123;Guanfacine;29110-47-2;NC(=N)NC(=O)CC1=C(Cl)C=CC=C1Cl;Test Set;B;N;0,971;4,03;1,376;1,921;0,256;0,616;0,853;0,721;-0,04;0,4;0,212;-0,819;1,938
124;Haloperidol;52-86-8;OC1(CCN(CCCC(=O)C2=CC=C(F)C=C2)CC1)C3=CC=C(Cl)C=C3;Training Set;C;D;0,779;3,956;1,804;2,006;0,996;0,615;0,723;1,044;-0,037;0,008;-0,016;0,041;0
125;Heptachlor;76-44-8;ClC1C=CC2C1C3(Cl)C(Cl)=C(Cl)C2(Cl)C3(Cl)Cl;Training Set;A/B;N;0,953;4,333;1,256;1,736;0;0,716;0,888;0;0,074;-0,003;1;0,425;0
126;Heroin;561-27-3;[H][C@@]12C=C[C@H](OC(C)=O)[C@@H]3OC4=C(OC(C)=O)C=CC5=C4[C@]13CCN(C)[C@@H]2C5;Training Set;B (D if used for prolonged periods or in high doses);D;0,966;4,075;1,682;2,088;1,184;0,924;0,819;0,658;-0,152;-0,196;-0,193;-0,69;0
127;Hetacillin;3511-16-8;CC1(C)NC(C(=O)N1C2C3SC(C)(C)C(N3C2=O)C(O)=O)C4=CC=CC=C4;Training Set;B;N;0,722;4,123;1,747;1,948;1,117;0,772;1,378;0,704;-0,047;-0,509;-0,491;-1,446;1,888
128;Hydrochlorothiazide;58-93-5;NS(=O)(=O)C1=CC2=C(NCNS2(=O)=O)C=C1Cl;Test Set;B (D if used in pregnancy induced hypertension);D;0,986;4,683;1,379;2,096;0,265;1,742;0,885;1,052;-0,635;0,006;-0,309;0;3,89
129;Hydrocodone;125-29-1;[H][C@@]12CCC(=O)[C@@H]3OC4=C(OC)C=CC5=C4[C@]13CCN(C)[C@@H]2C5;Training Set;C (D if used for prolonged periods or in high doses);D;0,999;4,067;1,639;2,086;0,972;0,908;0,812;0,75;-0,134;-0,216;-0,214;0,283;0
130;Hydromorphone;466-99-9;[H][C@@]12CCC(=O)[C@@H]3OC4=C(O)C=CC5=C4[C@]13CCN(C)[C@@H]2C5;Test Set;B (D if used for prolonged periods or in high doses);D;1;4,065;1,637;2,086;0,89;0,767;0,8;0,751;-0,087;-0,208;-0,206;0,22;0
131;Hydroxyprogesterone;68-96-2;[H][C@@]12CCC3=CC(=O)CC[C@]3(C)[C@@]1([H])CC[C@@]4(C)[C@@]2([H])CC[C@]4(O)C(C)=O;Test Set;D;D;0,971;3,976;1,724;2,075;1,169;0,487;0,681;0,73;0,016;-0,065;-0,065;1,633;0
132;Hydroxyurea;127-07-1;NC(=O)NO;Training Set;D;D;0;3,372;0,488;1,607;0;1,531;1,07;0,21;-0,435;0;0;-0,94;1,851
133;Hydroxyzine;68-88-2;OCCOCCN1CCN(CC1)C(C2=CC=CC=C2)C3=CC=C(Cl)C=C3;Training Set;C;D;0,779;3,968;1,825;2,026;0,996;0,959;0,754;0,242;-0,132;-0,096;-0,109;0;0
134;Ibuprofen;15687-27-1;CC(C)CC1=CC=C(C=C1)C(C)C(O)=O;Test Set;B (D if used in the third trimester);D;0,971;3,861;1,546;1,987;0,645;0,538;0,404;0,85;0;-0,135;-0,135;-0,772;0
135;Imipramine;50-49-7;CN(C)CCCN1C2=C(CCC3=C1C=CC=C3)C=CC=C2;Training Set;D;D;0,991;3,958;1,773;1,987;0,984;1,442;1,07;1,263;-0,183;0,33;0,33;0;0
136;Indomethacin;53-86-1;COC1=CC2=C(C=C1)N(C(C)=C2CC(O)=O)C(=O)C3=CC=C(Cl)C=C3;Training Set;A/B;N;0,827;4,127;1,761;2,007;0,996;0,745;0,674;0,804;-0,081;-0,193;-0,221;-1,19;0
137;Iocetamic Acid;16034-77-8;CC(CN(C(C)=O)C1=C(I)C(N)=C(I)C=C1I)C(O)=O;Training Set;D;D;0,881;10,679;1,541;1,925;0,578;0,511;0,783;1,091;0,011;0,502;0,506;-1,13;0
138;Iodamide;440-58-4;CC(=O)NCC1=C(I)C(NC(C)=O)=C(I)C(C(O)=O)=C1I;Training Set;D;D;0,863;10,679;1,572;1,929;0,513;0,503;0,793;0,998;0,008;0,146;-0,038;-1,567;3,87
139;Iodinated Glycerol;5634-39-9;CC(I)C1OCC(CO)O1;Training Set;X;D;1;10,673;1,213;1,697;0;0,505;0,788;1,478;0,009;0,06;0,331;0;0
140;Iodoquinol;83-73-8;OC1=C(I)C=C(I)C2=CC=CN=C12;Training Set;C;D;0,988;10,676;1,084;2,05;0;0,477;0,716;1,035;0,017;0,078;-0,009;0;0
141;Iopanoic Acid;96-83-3;CCC(CC1=C(I)C=C(I)C(N)=C1I)C(O)=O;Training Set;D;D;0,937;10,679;1,342;1,921;0,391;0,521;0,819;1,054;0;0,569;0,499;-0,74;0
142;Iothalamic Acid;2276-90-6;CNC(=O)C1=C(I)C(C(O)=O)=C(I)C(NC(C)=O)=C1I;Training Set;D;D;0,881;10,679;1,542;1,923;0,457;0,503;0,787;0,968;0,009;0,027;-0,17;-1,877;3,867
143;Ipodate;5587-89-3;CN(C)\C=N\C1=C(I)C=C(I)C(CCC(O)=O)=C1I;Training Set;D;D;0,9;10,679;1,573;1,916;0,591;0,527;0,833;1,092;0,02;0,513;0,472;-0,775;0
144;Iprindole;5560-72-5;CN(C)CCCN1C2=C(CCCCCC2)C3=C1C=CC=C3;Test Set;D;D;0,985;4,108;1,767;1,99;1,117;1,442;1,07;0,975;-0,183;0,295;0,295;0;0
145;Isopropamide;7492-32-2;CC(C)[N+](C)(CCC(C(N)=O)(C1=CC=CC=C1)C2=CC=CC=C2)C(C)C;Training Set;C;D;0,779;3,947;1,836;2,051;1,117;0,901;0,655;0,765;-0,1;-0,188;-0,186;-0,263;0
146;Isoproterenol;7683-59-2;CC(C)NCC(O)C1=CC=C(O)C(O)=C1;Training Set;C;D;0,971;3,855;1,475;1,965;0,621;0,717;0,971;0,957;-0,066;-0,404;-0,398;0;1,583
147;Kanamycin;59-01-8;NC[C@H]1O[C@H](O[C@@H]2[C@@H](N)C[C@@H](N)[C@H](O[C@H]3O[C@H](CO)[C@@H](O)[C@H](N)[C@H]3O)[C@H]2O)[C@H](O)[C@@H](O)[C@@H]1O;Training Set;D;D;0,684;3,833;1,875;1,993;1,265;1,078;1,197;0,954;-0,174;-0,067;-0,069;0;0
148;Levallorphan;152-02-3;[H][C@@]12CC3=C(C=C(O)C=C3)[C@]4(CCCC[C@@]14[H])CCN2CC=C;Training Set;D;D;0,981;4,001;1,709;2,118;0,993;0,754;0,73;0,671;-0,06;-0,056;-0,053;0;0
149;Levorphanol;77-07-6;[H][C@@]12CCCC[C@@]13CCN(C)[C@@H]2CC4=C3C=C(O)C=C4;Test Set;C (D if used for prolonged periods or in high doses);D;0,996;3,998;1,656;2,117;0,894;0,748;0,644;0,585;-0,064;-0,07;-0,066;0;0
150;Lidocaine;137-58-6;CCN(CC)CC(=O)NC1=C(C)C=CC=C1C;Training Set;B;N;0,937;3,866;1,471;1,981;0,749;0,981;0,791;0,634;-0,179;-0,291;-0,292;0,061;1,878
151;Lindane;58-89-9;Cl[C@H]1[C@H](Cl)[C@@H](Cl)[C@@H](Cl)[C@H](Cl)[C@H]1Cl;Training Set;B;N;1;4,122;1,101;1,823;0;0,917;1,222;0;0;0;1;0;0
152;Liothyronine;1823692;N[C@@H](CC1=CC(I)=C(OC2=CC=C(O)C(I)=C2)C(I)=C1)C(O)=O;Test Set;A;N;0,828;10,677;1,641;1,954;0,868;0,488;0,756;1,155;0,008;0,072;0,056;-1,019;0
153;Loperamide;53179-11-6;CN(C)C(=O)C(CCN1CCC(O)(CC1)C2=CC=C(Cl)C=C2)(C3=CC=CC=C3)C4=CC=CC=C4;Test Set;B;N;0,672;3,975;1,836;2,041;1,236;0,778;0,666;1,219;-0,069;-0,022;-0,043;0,083;0
154;Lorazepam;846-49-1;OC1N=C(C2=CC=CC=C2Cl)C3=CC(Cl)=CC=C3NC1=O;Training Set;D;D;0,94;4,037;1,671;1,982;0,665;0,613;0,704;0,579;-0,041;-0,172;-0,215;-0,176;2,055
155;Lynestrenol;52-76-6;[H][C@]12CCCC=C1CC[C@]3([H])[C@]2([H])CC[C@@]4(C)[C@@]3([H])CC[C@@]4(O)C#C;Training Set;D;D;0,995;3,953;1,7;2,064;1,063;0,438;0,829;1,193;0,006;-0,012;-0,012;1,774;0
156;Malathion;121-75-5;CCOC(=O)CC(SP(=S)(OC)OC)C(=O)OCC;Training Set;A/B;N;0;4,761;1,503;1,796;0,817;1,121;1,314;1,006;0,084;-0,382;-0,401;-1,009;0
157;Maprotiline;10262-69-8;CNCCCC12CCC(C3=C1C=CC=C3)C4=C2C=CC=C4;Training Set;B;N;0,971;4,06;1,738;2,141;0,929;0,875;0,3;0,263;-0,038;0,022;0,022;0;1,456
158;Mechlorethamine;51-75-2;CN(CCCl)CCCl;Training Set;D;D;0;3,724;1,186;1,786;0;1,058;0,688;1,333;0,043;-0,072;0,143;0;0
159;Meclofenamic Acid;644-62-2;CC1=C(Cl)C(NC2=C(C=CC=C2)C(O)=O)=C(Cl)C=C1;Training Set;B (D if used in the third trimester);D;0,9;4,054;1,341;1,987;0,603;0,558;0,748;0,996;-0,02;0,324;0,175;-1,011;2,024
160;Medroxyprogesterone;520-85-4;[H][C@@]12C[C@H](C)C3=CC(=O)CC[C@]3(C)[C@@]1([H])CC[C@@]4(C)[C@@]2([H])CC[C@]4(O)C(C)=O;Training Set;X;D;0,961;3,984;1,724;2,081;1,214;0,487;0,677;0,718;0,015;-0,049;-0,049;1,633;0
161;Melphalan;148-82-3;NC(CC1=CC=C(C=C1)N(CCCl)CCCl)C(O)=O;Training Set;D;D;0,9;3,877;1,586;1,984;0,8;0,675;0,453;0,685;-0,06;0,026;0,004;-0,991;0
162;Mephobarbital;115-38-8;CCC1(C(=O)NC(=O)N(C)C1=O)C2=CC=CC=C2;Training Set;D;D;0,918;3,913;1,528;2,007;0,791;0,833;0,406;1,288;-0,145;0,25;0,266;-1,709;2,065
163;Meprobamate;57-53-4;CCCC(C)(COC(N)=O)COC(N)=O;Training Set;D;D;0;3,664;1,569;1,892;0,56;1,15;0,411;1,305;-0,3;0,128;0,135;-1,673;0
164;Mercaptopurine;50-44-2;S=C1NC=NC2=C1NC=N2;Training Set;D;D;0,918;4,02;1,08;1,817;0;0,695;0,661;0,946;-0,121;-0,503;-0,274;0,641;3,591
165;Mestranol;72-33-3;[H][C@]12CC[C@@]3(C)[C@@]([H])(CC[C@@]3(O)C#C)[C@]1([H])CCC4=C2C=CC(OC)=C4;Training Set;X;D;0,98;3,988;1,705;2,075;1,065;0,695;0,735;0,878;-0,031;-0,02;-0,02;0;0
166;Metaraminol; 54-49-9;C[C@H](N)[C@H](O)C1=CC(O)=CC=C1;Training Set;C;D;1;3,836;1,173;1,962;0,368;0,606;0,895;1,117;0;-0,38;-0,374;0;0
167;Methadone;76-99-3;CCC(=O)C(CC(C)N(C)C)(C1=CC=CC=C1)C2=CC=CC=C2;Training Set;B;N;0,828;3,945;1,786;2,037;0,996;0,822;0,723;0,971;-0,068;-0,114;-0,114;0,281;0
168;Methaqualone;72-44-6;CC1=CC=CC=C1N2C(C)=NC3=C(C=CC=C3)C2=O;Training Set;D;D;0,949;3,963;1,555;2,038;0,724;0,874;0,699;1,353;-0,124;-0,075;-0,076;0,69;0
169;Metharbital;50-11-3;CCC1(CC)C(=O)NC(=O)N(C)C1=O;Training Set;D;D;0,985;3,819;1,422;1,947;0,61;0,966;0,459;1,424;-0,25;0,265;0,283;-1,524;1,987
170;Methicillin;61-32-5;[H][C@@]2(NC(=O)C1=C(OC)C=CC=C1OC)C(=O)N3[C@]2([H])SC(C)(C)[C@]3([H])C(O)=O;Training Set;B;N;0,744;4,112;1,703;1,978;1,117;0,855;1,531;0,891;-0,077;-0,258;-0,161;-1,952;2,126
171;Methimazole;60-56-0;CN1C=CNC1=S;Training Set;D;D;0,863;3,91;0,932;1,628;0;0,688;0,672;0,451;-0,024;0;0;0,764;1,649
172;Methotrexate;59-05-2;[H][C@](CCC(O)=O)(NC(=O)C1=CC=C(C=C1)N(C)CC2=NC3=C(N)N=C(N)N=C3N=C2)C(O)=O;Test Set;X;D;0,746;4,01;1,809;2,075;1,21;1,016;0,647;0,833;-0,23;-0,108;-0,126;-3,054;2,099
173;Methyclothiazide;135-07-9;CN1C(CCl)NC2=C(C=C(C(Cl)=C2)S(N)(=O)=O)S1(=O)=O;Training Set;B (D if used in pregnancy induced hypertension);D;0,948;4,689;1,446;2,107;0,699;1,72;0,84;1,1;-0,654;0,071;-0,205;0;1,966
174;Metoclopramide;364-62-5;CCN(CC)CCNC(=O)C1=CC(Cl)=C(N)C=C1OC;Training Set;B;N;0,881;3,981;1,564;1,957;0,881;0,97;0,823;1,076;-0,188;0,246;0,221;-0,212;1,863
175;Metolazone;17560-51-9;CC1NC2=C(C=C(C(Cl)=C2)S(N)(=O)=O)C(=O)N1C3=CC=CC=C3C;Training Set;B (D if used in pregnancy induced hypertension);D;0,871;4,629;1,671;2,067;0,929;1,444;0,672;0,986;-0,49;-0,208;-0,229;-0,313;1,947
176;Metoprolol;37350-58-6;COCCC1=CC=C(OCC(O)CNC(C)C)C=C1;Training Set;C (D if used in second or third trimesters);D;0,9;3,832;1,63;1,96;0,996;1,021;1,014;0,72;-0,189;0,026;0,006;0;1,566
177;Metronidazole;443-48-1;CC1=NC=C(N1CCO)[N+]([O-])=O;Training Set;B;N;0,98;3,926;1,446;1,86;0;0,81;0,751;0,601;-0,033;-0,46;-0,473;0;0
178;Morphine;57-27-2;[H][C@@]12CC3=C4C(O[C@H]5[C@@H](O)C=C[C@]1([H])[C@@]45CCN2C)=C(O)C=C3;Training Set;C (D if used for prolonged periods or in high doses);D;1;4,069;1,639;2,087;0,912;0,767;0,8;0,751;-0,087;-0,208;-0,206;0;0
179;Meperidine;57-42-1;CCOC(=O)C1(CCN(C)CC1)C2=CC=CC=C2;Training Set;B (D if used for prolonged periods or in high doses);D;0,918;3,89;1,625;2,018;0,902;0,954;0,601;1,079;-0,152;-0,305;-0,306;-0,065;0
180;Nafcillin;147-52-4;[H][C@@]3(NC(=O)C1=C(OCC)C=CC2=CC=CC=C12)C(=O)N4[C@]3([H])SC(C)(C)[C@]4([H])C(O)=O;Training Set;B;N;0,757;4,119;1,71;2,1;1,117;0,761;1,463;0,767;-0,034;-0,382;-0,287;-1,803;2,129
181;Nalbuphine;20594-83-6;O[C@H]1CC[C@@]2(O)[C@H]3CC4=C5C(OC1[C@@]25CCN3CC6CCC6)=C(O)C=C4;Training Set;B (D if used for prolonged periods or in high doses);D;0,969;4,078;1,851;2,099;1,007;0,713;0,882;0,94;-0,061;-0,143;-0,138;0;0
182;Nalidixic Acid;389-08-2;CCN1C=C(C(O)=O)C(=O)C2=C1N=C(C)C=C2;Training Set;C;D;0,986;3,948;1,529;2,022;0,622;0,845;0,662;1,129;-0,156;0,516;0,511;-1,908;0
183;Nalorphine;62-67-9;[H][C@@]12CC3=C4C(O[C@H]5[C@@H](O)C=C[C@]1([H])[C@@]45CCN2CC=C)=C(O)C=C3;Training Set;D;D;0,995;4,071;1,703;2,089;0,915;0,766;0,847;0,793;-0,082;-0,18;-0,178;0;0
184;Naloxone;465-65-6;[H][C@@]12CC3=C4C(O[C@H]5C(=O)CC[C@]1(O)[C@@]45CCN2CC=C)=C(O)C=C3;Training Set;B;N;0,99;4,078;1,701;2,091;0,964;0,741;0,881;0,89;-0,075;-0,141;-0,137;0,041;0
185;Naproxen;22204-53-1;COC1=CC2=CC=C(C=C2C=C1)[C@H](C)C(O)=O;Training Set;B (D if used in third trimester);D;0,986;4,023;1,475;2,098;0,665;0,72;0,518;0,747;-0,056;-0,15;-0,15;-0,808;0
186;Niacin;59-67-6;OC(=O)C1=CC=CN=C1;Training Set;A (C if used above RDA);N;0,918;3,79;0,905;1,911;0;0,784;0,585;1,308;-0,123;0,233;0,16;-0,942;0
187;Niacinamide;98-92-0;NC(=O)C1=CC=CN=C1;Training Set;A (C if used above RDA);N;0,918;3,792;0,911;1,916;0;0,815;0,689;1,299;-0,138;0,348;0,3;-0,442;0
188;Nicoumalone;152-72-7;CC(=O)CC(C1=CC=C(C=C1)[N+]([O-])=O)C2=C(O)C3=C(OC2=O)C=CC=C3;Training Set;D;D;0,84;3,969;1,707;2,036;0,996;0,532;0,71;1,014;0,175;-0,083;-0,082;-1,222;0
189;Nitrofurantoin;67-20-9;[O-][N+](=O)C1=CC=C(O1)\C=N\N2CC(=O)NC2=O;Test Set;B;N;0,874;3,896;1,574;1,749;0,223;0,931;0,898;0,907;-0,079;-0,189;-0,175;-1,107;2,022
190;Nitrofurazone;59-87-0;NC(=O)N\N=C\C1=CC=C(O1)[N+]([O-])=O;Training Set;A/B;N;0,94;3,887;1,517;1,746;0,072;0,896;1,004;0,701;0,015;-0,622;-0,603;-0,831;2,018
191;Norethindrone;68-22-4;[H][C@]12CCC(=O)C=C1CC[C@]3([H])[C@]2([H])CC[C@@]4(C)[C@@]3([H])CC[C@@]4(O)C#C;Training Set;X;D;0,988;3,957;1,699;2,062;1,052;0,462;0,722;0,879;0,012;-0,022;-0,022;1,749;0
192;Norethynodrel;68-23-5;[H][C@]12CC[C@@]3(C)[C@@]([H])(CC[C@@]3(O)C#C)[C@]1([H])CCC4=C2CCC(=O)C4;Training Set;X;D;0,988;3,965;1,701;2,063;1,039;0,462;0,722;0,879;0,012;-0,022;-0,022;3,515;0
193;Norgestrel;6533-00-2;[H][C@]12CCC(=O)C=C1CC[C@]3([H])[C@]2([H])CC[C@@]4(CC)[C@@]3([H])CC[C@@]4(O)C#C;Training Set;X;D;0,98;3,963;1,699;2,064;1,081;0,463;0,735;0,861;0,011;-0,035;-0,035;1,757;0
194;Nortriptyline;72-69-5;CNCC\C=C1\C2=C(CCC3=C1C=CC=C3)C=CC=C2;Test Set;D;D;0,997;3,978;1,717;1,993;0,911;0,909;0,345;0,294;-0,043;0,019;0,019;1,406;1,476
195;Opipramol;315-72-0;OCCN1CCN(CCCN2C3=C(C=CC=C3)C=CC4=C2C=CC=C4)CC1;Test Set;D;D;0,913;3,974;1,919;1,985;1,221;1,1;0,804;0,506;-0,187;0,095;0,084;0;0
196;Ouabain;630-60-4;C[C@@H]1O[C@@H](O[C@H]2C[C@@H](O)[C@]3(CO)C4[C@H](O)C[C@]5(C)[C@H](CC[C@]5(O)C4CC[C@]3(O)C2)C6=CC(=O)OC6)[C@H](O)[C@H](O)[C@H]1O;Training Set;B;N;0,756;4,012;1,85;2,092;1,435;0,768;0,806;0,877;-0,047;0,039;0,039;0,392;0
197;Oxacillin;66-79-5;[H][C@]12SC(C)(C)[C@@H](N1C(=O)[C@H]2NC(=O)C3=C(C)ON=C3C4=CC=CC=C4)C(O)=O;Training Set;B;N;0,707;4,115;1,729;1,95;1,117;0,71;1,467;0,827;0,039;-0,362;-0,287;-1,897;2,133
198;Oxazepam;604-75-1;OC1N=C(C2=CC=CC=C2)C3=CC(Cl)=CC=C3NC1=O;Test Set;D;D;0,954;4,007;1,673;1,988;0,675;0,652;0,677;0,604;-0,053;-0,165;-0,219;-0,02;2,038
199;Oxycodone;76-42-6;[H][C@@]12CC3=C4C(O[C@H]5C(=O)CC[C@]1(O)[C@@]45CCN2C)=C(OC)C=C3;Test Set;B (D if used for prolonged periods or in high doses);D;0,995;4,078;1,639;2,09;1,007;0,859;0,852;0,854;-0,126;-0,177;-0,173;0,115;0
200;Oxymetazoline;1491-59-4;CC1=C(CC2=NCCN2)C(C)=C(O)C(=C1)C(C)(C)C;Training Set;C;D;0,868;3,948;1,559;2,027;1,117;0,789;0,698;0,98;-0,09;-0,219;-0,222;1,036;1,657
201;Oxymorphone;76-41-5;CN1CC[C@]23[C@H]4OC5=C(O)C=CC(C[C@@H]1C2(O)CCC4=O)=C35;Training Set;B (D if used for prolonged periods or in high doses);D;0,999;4,076;1,637;2,089;0,911;0,746;0,842;0,855;-0,079;-0,173;-0,169;0,052;0
202;Oxyphenbutazone;129-20-4;CCCCC1C(=O)N(N(C1=O)C2=CC=C(O)C=C2)C3=CC=CC=C3;Training Set;C;D;0,789;3,939;1,788;1,969;0,996;0,687;0,79;1,187;0,011;-0,139;-0,124;-0,421;0
203;Pantothenic Acid;79-83-4;CC(C)(CO)[C@@H](O)C(=O)NCCC(O)=O;Training Set;A (C if used above RDA);N;0;3,686;1,43;1,885;0,559;0,896;0,769;1,226;-0,131;-0,17;-0,171;-1,693;1,847
204;Paramethadione;115-67-3;CCC1(C)OC(=O)N(C)C1=O;Training Set;D;D;0,994;3,782;1,314;1,796;0;1,101;0,688;1,31;-0,356;-0,005;0,009;-0,815;0
205;Prednisone;53-03-2;[H][C@@]12CCC3=CC(=O)C=C[C@]3(C)[C@@]1([H])C(=O)C[C@@]4(C)[C@@]2([H])CC[C@]4(O)C(=O)CO;Training Set;C (D if used in the first trimester);D;0,95;3,994;1,724;2,07;1,139;0,534;0,645;0,682;0,025;-0,078;-0,078;0,502;0
206;Penicillamine;52-67-5;CC(C)(S)[C@@H](N)C(O)=O;Training Set;D;D;0;3,827;1,068;1,819;0;0,534;1,23;0,851;-0,009;-1,161;-1,236;-1,019;0
207;Penicillin G;61-33-6;[H][C@@]2(NC(=O)CC1=CC=CC=C1)C(=O)N3[C@]2([H])SC(C)(C)[C@]3([H])C(O)=O;Training Set;B;N;0,794;4,11;1,711;1,959;0,981;0,722;1,535;0,706;-0,015;-0,639;-0,593;-1,555;1,985
208;Penicillin V;87-08-1;[H][C@@]2(NC(=O)COC1=CC=CC=C1)C(=O)N3[C@]2([H])SC(C)(C)[C@]3([H])C(O)=O;Training Set;B;N;0,777;4,11;1,718;1,936;0,996;0,793;1,579;0,676;-0,046;-0,616;-0,57;-1,798;2,03
209;Pentazocine;359-83-1;[H][C@]12CC3=C(C=C(O)C=C3)[C@](C)(CCN1C\C=C(/C)C)[C@@H]2C;Training Set;C (D if used for prolonged periods or in high doses);D;0,959;3,98;1,699;2,095;1,117;0,786;0,751;0,722;-0,067;-0,113;-0,106;1,4;0
210;Pentobarbital;76-74-4;CCCC(C)C1(CC)C(=O)NC(=O)NC1=O;Training Set;D;D;0,954;3,827;1,507;1,962;0,626;0,834;0,456;1,204;-0,137;0,17;0,188;-1,655;3,984
211;Perphenazine;58-39-9;OCCN1CCN(CCCN2C3=C(SC4=C2C=C(Cl)C=C4)C=CC=C3)CC1;Training Set;C;D;0,89;4,151;1,773;2,027;1,011;0,908;1,005;0,51;-0,034;0,028;0,069;0;0
212;Phenacetin;62-44-2;CCOC1=CC=C(NC(C)=O)C=C1;Training Set;B;N;0,996;3,827;1,512;1,949;0,261;0,95;1,06;0,871;-0,182;-0,141;-0,141;-0,066;1,823
213;Phenazocine;127-35-5;CC1C2CC3=C(C=C(O)C=C3)C1(C)CCN2CCC4=CC=CC=C4;Training Set;C (D if used for prolonged periods or in high doses);D;0,906;3,982;1,762;2,097;0,996;0,761;0,746;0,727;-0,054;-0,106;-0,1;0;0
214;Phenazopyridine;94-78-0;NC1=CC=C(\N=N\C2=CC=CC=C2)C(N)=N1;Training Set;B;N;0,954;3,868;1,352;1,968;0,518;0,77;0,992;1,309;0,044;0,101;0,101;0;0
215;Phencyclidine;77-10-1;C1CCN(CC1)C2(CCCCC2)C3=CC=CC=C3;Test Set;X;D;0,918;3,895;1,761;2,041;0,996;1,35;1,667;1,552;-0,1;-0,055;-0,055;0;0
216;Phenindione;83-12-5;O=C1C(C2=CC=CC=C2)C(=O)C3=C1C=CC=C3;Test Set;D;D;0,96;3,982;1,508;1,943;0,389;0,477;0,672;1,295;0,014;0,063;0,063;-0,173;0
217;Pheniramine;86-21-5;CN(C)CCC(C1=CC=CC=C1)C2=NC=CC=C2;Test Set;C;D;0,918;3,885;1,742;2,006;0,935;1,258;0,797;0,832;-0,171;-0,131;-0,131;0;0
218;Phenobarbital;50-06-6;CCC1(C(=O)NC(=O)NC1=O)C2=CC=CC=C2;Test Set;D;D;0,937;3,904;1,499;2,002;0,625;0,771;0,42;1,172;-0,096;0,212;0,229;-1,903;4,104
219;Phenolphthalein;77-09-8;OC1=CC=C(C=C1)C2(OC(=O)C3=C2C=CC=C3)C4=CC=C(O)C=C4;Training Set;C;D;0,837;4,03;1,851;2,024;0,971;0,639;0,776;1,019;-0,022;-0,127;-0,127;-0,397;0
220;Phenprocoumon;435-97-2;CCC(C1=CC=CC=C1)C2=C(O)C3=C(OC2=O)C=CC=C3;Training Set;D;D;0,918;3,958;1,639;2,029;0,857;0,676;0,729;1,188;-0,036;0,133;0,133;-0,109;0
221;Phensuximide;86-34-0;CN1C(=O)CC(C1=O)C2=CC=CC=C2;Test Set;D;D;0,967;3,875;1,53;1,946;0,24;0,757;0,515;1,265;-0,108;0,149;0,169;-0,19;0
222;Phenylbutazone;50-33-9;CCCCC1C(=O)N(N(C1=O)C2=CC=CC=C2)C3=CC=CC=C3;Test Set;C (D if used in third trimester);D;0,805;3,934;1,787;1,966;0,996;0,699;0,768;1,304;0,042;-0,113;-0,094;-0,281;0
223;Phenylephrine;59-42-7;CNC[C@H](O)C1=CC(O)=CC=C1;Training Set;C;D;1;3,831;1,303;1,957;0,319;0,722;0,901;0,98;-0,082;-0,511;-0,505;0;1,52
224;Phenylpropanolamine;14838-15-4;C[C@@H](N)[C@@H](O)C1=CC=CC=C1;Training Set;C;D;0,994;3,814;1,158;1,957;0,127;0,551;0,854;1,18;0;-0,308;-0,301;0;0
225;Phenyltoloxamine;92-12-6;CN(C)CCOC1=C(CC2=CC=CC=C2)C=CC=C1;Test Set;C;D;0,9;3,884;1,747;1,998;0,966;1,163;1,033;0,982;-0,146;-0,186;-0,189;0;0
226;Phenytoin;57-41-0;O=C1NC(=O)C(N1)(C2=CC=CC=C2)C3=CC=CC=C3;Training Set;D;D;0,879;3,958;1,559;2,005;0,834;0,711;0,407;0,946;-0,07;-0,088;-0,067;-0,826;4,095
227;Pindolol;13523-86-9;CC(C)NCC(O)COC1=CC=CC2=C1C=CN2;Training Set;B (D if used in the second or third trimesters);D;0,951;4,042;1,643;1,979;0,886;0,946;1,105;0,935;-0,168;0,218;0,193;0;3,317
228;Piperazine;110-85-0;C1CNCCN1;Training Set;B;N;0;3,547;1,134;1,87;0;1,25;1,25;0;-0,5;0;0;0;2,776
229;Potassium Citrate;866-84-2;OC(CC(O)=O)(C(O)=O)CC(O)=O;Training Set;A;N;0;3,69;1,325;1,842;0,257;1,083;0,983;1,161;-0,097;-0,436;-0,436;-5,019;0
230;Potassium Gluconate;299-27-4;OC[C@H]([C@H]([C@@H]([C@H](C(O)=O)O)O)O)O;Training Set;A (C if used above RDA);N;0;3,654;1,27;1,85;0,39;1,083;1,277;0,929;-0,097;-0,027;-0,027;-1,725;0
231;Prednisolone;50-24-8;[H][C@@]12CCC3=CC(=O)C=C[C@]3(C)[C@@]1([H])[C@@H](O)C[C@@]4(C)[C@@]2([H])CC[C@]4(O)C(=O)CO;Training Set;C (D if used in the first trimester);D;0,95;3,991;1,726;2,076;1,147;0,534;0,645;0,682;0,025;-0,078;-0,078;0,572;0
232;Primidone;125-33-7;CCC1(C(=O)NCNC1=O)C2=CC=CC=C2;Training Set;D;D;0,954;3,898;1,502;2,004;0,633;0,769;0,483;1,261;-0,103;0,072;0,08;-0,435;3,657
233;Probenecid;57-66-9;CCCN(CCC)S(=O)(=O)C1=CC=C(C=C1)C(O)=O;Training Set;C;D;0,9;4,639;1,588;2,044;0,958;1,577;1,488;1,256;-0,532;-0,12;-0,311;-1,067;0
234;Procaine;59-46-1;CCN(CC)CCOC(=O)C1=CC=C(N)C=C1;Training Set;A/B;N;0,937;3,837;1,516;1,949;0,827;1,012;0,822;1,044;-0,207;-0,482;-0,488;-0,294;0
235;Procarbazine;671-16-9;CNNCC1=CC=C(C=C1)C(=O)NC(C)C;Training Set;D;D;0,954;3,854;1,622;1,97;0,721;0,74;0,759;1,181;0,043;-0,479;-0,48;-0,025;4,984
236;Prochlorperazine;58-38-8;CN1CCN(CCCN2C3=C(SC4=C2C=C(Cl)C=C4)C=CC=C3)CC1;Training Set;C;D;0,916;4,151;1,773;2,027;1,008;1,034;0,977;0,86;-0,015;0,043;0,194;0;0
237;Promethazine;60-87-7;CC(CN1C2=C(SC3=C1C=CC=C3)C=CC=C2)N(C)C;Training Set;C;D;0,987;4,131;1,785;2,032;0,929;1,038;1,316;1,04;-0,006;-0,001;-0,081;0;0
238;Propoxyphene;469-62-5;CCC(=O)O[C@@](CC1=CC=CC=C1)([C@H](C)CN(C)C)C2=CC=CC=C2;Training Set;C (D if used for prolonged periods or in high doses);D;0,795;3,907;1,774;2,018;1,078;0,934;0,9;1,311;-0,107;0,027;0,017;-0,162;0
239;Propylthiouracil;51-52-5;CCCC1=CC(=O)NC(=S)N1;Training Set;D;D;0,994;3,904;1,132;1,882;0,017;0,606;0,689;0,947;-0,046;-0,186;-0,013;1,18;3,609
240;Pyrilamine;91-84-9;COC1=CC=C(CN(CCN(C)C)C2=CC=CC=N2)C=C1;Training Set;C;D;0,863;3,866;1,749;1,988;0,996;1,333;0,861;0,986;-0,303;-0,239;-0,225;0;0
241;Pyridoxine;65-23-6;CC1=NC=C(CO)C(CO)=C1O;Training Set;A;N;1;3,873;1,361;1,97;0,254;0,773;0,733;1,054;-0,09;-0,229;-0,236;0;0
242;Quinethazone;73-49-4;CCC1NC(=O)C2=C(N1)C=C(Cl)C(=C2)S(N)(=O)=O;Training Set;D;D;0,975;4,628;1,506;2,05;0,65;1,466;0,727;1,009;-0,484;-0,235;-0,303;-0,35;3,749
243;Quinine;130-95-0;[H][C@@]1(CN2CCC1C[C@@]2([H])[C@H](O)C3=C4C=C(OC)C=CC4=NC=C3)C=C;Training Set;D (X according to manufactor);D;0,852;4,033;1,616;2,107;1,135;0,925;0,798;0,875;-0,134;-0,242;-0,241;0;0
244;Ranitidine;66357-35-5;CN\C(NCCSCC1=CC=C(CN(C)C)O1)=C/[N+]([O-])=O;Training Set;B;N;0,792;3,952;1,629;1,833;1,038;0,789;0,908;0,754;0,098;0,274;0,213;0,409;3,544
245;Reserpine;50-55-5;[H][C@]12C[C@@H](OC(=O)C3=CC(OC)=C(OC)C(OC)=C3)[C@H](OC)[C@@H](C(=O)OC)[C@@]1([H])C[C@@]4([H])N(CCC5=C4NC6=CC(OC)=CC=C56)C2;Training Set;C;D;0,793;4,115;1,966;2,061;1,45;1,074;0,744;0,87;-0,223;-0,096;-0,092;-0,922;1,983
246;Resorcinol;108-46-3;OC1=CC=CC(O)=C1;Training Set;A/B;N;0,811;3,792;1,025;1,917;0;0,583;0,933;1,333;0;0,333;0,333;0;0
247;Ribavirin;36791-04-5;NC(=O)C1=NN(C=N1)[C@@H]2O[C@H](CO)[C@@H](O)[C@H]2O;Training Set;X;D;0,874;3,915;1,653;1,791;0,533;1,17;1,111;0,739;-0,289;-0,08;-0,087;-0,81;0
248;Riboflavin;83-88-5;CC1=CC2=C(C=C1C)N(C[C@@H](O)[C@@H](O)[C@@H](O)CO)C3=NC(=O)NC(=O)C3=N2;Training Set;A (C if used above RDA);N;0,905;3,992;1,785;2,058;1,034;0,909;0,735;0,737;-0,166;0,196;0,203;-1,722;2,165
249;Ricinoleic Acid;141-22-0;CCCCCCC(O)C\C=C/CCCCCCCC(O)=O;Training Set;B;N;0;3,629;1,733;1,887;1,068;0,583;0,741;0,819;-0,008;-0,093;-0,093;-0,689;0
250;Ritodrine;26652-09-5;C[C@H](NCCC1=CC=C(O)C=C1)[C@H](O)C2=CC=C(O)C=C2;Training Set;B;N;0,863;3,853;1,715;1,976;0,996;0,635;0,873;1,023;-0,03;-0,253;-0,242;0;1,676
251;Saccharin;81-07-2;O=C1NS(=O)(=O)C2=C1C=CC=C2;Test Set;C;D;0,991;4,655;1,175;1,96;0;1,549;0,98;1,285;-0,539;0,091;-0,077;-0,55;2,094
252;Salicylamide;65-45-2;NC(=O)C1=C(O)C=CC=C1;Test Set;A/B;N;0,971;3,832;1,068;1,939;0;0,636;0,745;1,274;0;0,07;0,08;-0,613;0
253;Scopolamine;51-34-3;[H][C@@]12C[C@@H](C[C@@]([H])(N1C)[C@@]3([H])O[C@@]23[H])OC(=O)C(CO)C4=CC=CC=C4;Test Set;A;N;0,836;3,944;1,599;1,966;0,971;0,897;0,742;1,012;-0,148;0,034;0,027;-0,322;0
254;Secobarbital;76-73-3;CCCC(C)C1(CC=C)C(=O)NC(=O)NC1=O;Training Set;D;D;0,937;3,834;1,565;1,965;0,762;0,816;0,455;1,211;-0,126;0,218;0,234;-1,789;4,029
255;Spectinomycin;1695-77-8;[H][C@@]12O[C@H](C)CC(=O)[C@]1(O)O[C@]3([H])[C@@H](NC)[C@@H](O)[C@@H](NC)[C@H](O)[C@@]3([H])O2;Training Set;B;N;0,956;3,884;1,577;2,024;1,05;1,069;1,136;0,909;-0,25;-0,054;-0,057;-0,533;3,494
256;Spironolactone;52-01-7;[H][C@]1(CC2=CC(=O)CC[C@]2(C)[C@@]3([H])CC[C@@]4(C)[C@@]([H])(CC[C@@]45CCC(=O)O5)[C@]13[H])SC(C)=O;Training Set;C (D if used in pregnancy induced hypertension);D;0,901;4,055;1,698;2,072;1,295;0,646;0,98;0,592;0,01;0,034;0,01;1,681;0
257;Sulfabenzamide;127-71-9;NC1=CC=C(C=C1)S(=O)(=O)NC(=O)C2=CC=CC=C2;Training Set;C (D if near term);D;0,9;4,631;1,573;2,034;0,707;1,535;1,058;1,341;-0,528;0,084;-0,079;-0,669;2,225
258;Sulfacetamide;144-80-9;CC(=O)NS(=O)(=O)C1=CC=C(N)C=C1;Training Set;C (D if near term);D;0,985;4,63;1,366;2,026;0,22;1,649;1,141;1,243;-0,548;0,024;-0,112;-0,623;2,093
259;Sulfadoxine;2447-57-6;COC1=NC=NC(NS(=O)(=O)C2=CC=C(N)C=C2)=C1OC;Test Set;C (D if administered near term);D;0,863;4,632;1,517;2,042;0,831;1,664;1,095;1,041;-0,533;-0,081;-0,192;0;2,296
260;Sulfamethoxazole;723-46-6;CC1=CC(NS(=O)(=O)C2=CC=C(N)C=C2)=NO1;Training Set;C (D if near term);D;0,908;4,632;1,614;2,025;0,528;1,529;1,076;1,154;-0,417;-0,21;-0,316;0;2,176
261;Sulfasalazine;599-79-1;OC(=O)C1=CC(=CC=C1O)\N=N\C2=CC=C(C=C2)S(=O)(=O)NC3=NC=CC=C3;Training Set;B (D if used near term);D;0,75;4,632;1,87;2,045;0,98;1,321;1,044;1,292;-0,334;0,018;-0,105;-1,287;2,21
262;Sulfathiazole;72-14-0;NC1=CC=C(C=C1)S(=O)(=O)NC2=NC=CS2;Training Set;C (D if near term);D;0,928;4,641;1,419;2,023;0,385;1,398;1,088;1,378;-0,439;-0,195;-0,211;0;2,143
263;Sulfisoxazole;127-69-5;CC1=NOC(NS(=O)(=O)C2=CC=C(N)C=C2)=C1C;Test Set;C (D if near term);D;0,888;4,633;1,611;2,027;0,727;1,524;1,042;1,341;-0,418;0,005;-0,075;0;2,201
264;Sulindac;38194-50-2;CC1=C(CC(O)=O)C2=C(C=CC(F)=C2)\C1=C/C3=CC=C(C=C3)S(C)=O;Training Set;B (D if used in the third trimester);D;0,827;4,27;1,73;1,972;0,996;0,887;0,679;0,545;-0,143;-0,041;-0,064;1,419;0
265;Temazepam;846-50-4;CN1C(=O)C(O)N=C(C2=CC=CC=C2)C3=C1C=CC(Cl)=C3;Training Set;X;D;0,94;4,014;1,693;1,991;0,818;0,726;0,665;0,677;-0,084;-0,177;-0,23;0,086;0
266;Terbutaline;23031-25-6;CC(C)(C)NCC(O)C1=CC(O)=CC(O)=C1;Training Set;B;N;0,954;3,856;1,491;1,967;0,786;0,705;0,919;1,003;-0,06;-0,175;-0,165;0;1,611
267;Terpin Hydrate;201256;CC(O)([C@@H]1CC[C@](O)(CC1)C)C;Training Set;D;D;1;3,75;1,303;1,976;0,638;0,55;1,042;0,88;0;-0,2;-0,2;0;0
268;Theophylline (Oxtriphylline);58-55-9;CN1C(=O)N(C)C2=C(NC=N2)C1=O;Training Set;C;D;1;3,941;1,399;1,89;0;1,338;0,484;1,397;-0,592;0,322;0,329;-0,722;1,883
269;Thiamine; 59-43-8;CC1=NC=C(C[N+]2=CSC(CCO)=C2C)C(N)=N1;Training Set;A (C if used above RDA);N;0,888;4,249;1,592;1,967;0,812;0,864;1,022;0,858;-0,049;0,042;0,276;0;0
270;Thioguanine;154-42-7;NC1=NC2=C(N=CN2)C(=S)N1;Training Set;D;D;0,967;4,025;1,261;1,842;0;0,712;0,647;1,028;-0,144;-0,505;-0,294;0,806;3,704
271;Thiopental;76-75-5;CCCC(C)C1(CC)C(=O)NC(S)=NC1=O;Training Set;C;D;0,954;3,911;1,477;1,96;0,622;0,613;0,604;1,21;-0,046;-0,205;-0,073;-0,52;1,93
272;Thioridazine;50-52-2;CSC1=CC2=C(SC3=C(C=CC=C3)N2CCC4CCCCN4C)C=C1;Test Set;C;D;0,916;4,158;1,776;2,032;1,044;0,975;1,024;1,255;0,005;-0,067;0,189;0;0
273;Thiotepa;52-24-4;S=P(N1CC1)(N2CC2)N3CC3;Training Set;D;D;0,845;4,703;1,236;1,583;0;1,431;2,216;1,146;-0,241;0,016;0,134;0;0
274;Ticarcillin;34787-01-4;[H][C@]12SC(C)(C)[C@@H](N1C(=O)[C@@]2([H])NC(=O)[C@H](C(O)=O)C3=CSC=C3)C(O)=O;Training Set;B;N;0,741;4,19;1,679;1,926;1,117;0,71;1,19;0,832;0,015;-0,223;-0,28;-3,679;2,115
275;Trimethoprim;738-70-5;COC1=CC(CC2=C(N)N=C(N)N=C2)=CC(OC)=C1OC;Training Set;C;D;0,863;3,923;1,434;2,005;0,944;1,211;0,801;0,924;-0,323;-0,068;-0,079;0;0
276;Tobramycin;32986-56-4;[H][C@@]1(O[C@H](CN)[C@@H](O)C[C@H]1N)O[C@@H]2[C@@H](N)C[C@@H](N)[C@H](O[C@@]3([H])O[C@H](CO)[C@@H](O)[C@H](N)[C@H]3O)[C@H]2O;Training Set;C (D according to manufacturer);D;0,696;3,829;1,874;1,994;1,268;1,073;1,178;0,996;-0,181;-0,107;-0,113;0;0
277;Tolazamide;1156-19-0;CC1=CC=C(C=C1)S(=O)(=O)NC(=O)NN2CCCCCC2;Training Set;C;D;0,893;4,63;1,742;2,029;0,992;1,546;1,084;1,083;-0,473;0,03;0,044;-0,711;4,242
278;Tolbutamide;64-77-7;CCCCNC(=O)NS(=O)(=O)C1=CC=C(C)C=C1;Training Set;C;D;0,918;4,63;1,618;2,029;0,758;1,667;1,159;1,363;-0,585;0,264;0,208;-0,691;4,026
279;Tolmetin;26171-23-3;CN1C(CC(O)=O)=CC=C1C(=O)C2=CC=C(C)C=C2;Training Set;C (D if used in the first trimester);D;0,868;3,97;1,623;1,967;0,822;0,721;0,617;0,731;-0,079;0;-0,021;-1,005;0
280;Toluene;108-88-3;CC1=CC=CC=C1;Training Set;A/B;N;0,592;3,772;0,966;1,929;0;0;0;0;1;1;1;0;0
281;Triamterene;396-01-0;NC1=NC(N)=C2N=C(C3=CC=CC=C3)C(N)=NC2=N1;Training Set;C (D if used in pregnancy induced hypertension);D;0,949;4,035;1,553;2,09;0,654;1,066;0,679;0,919;-0,246;0,131;0,131;0;0
282;Trichlormethiazide;133-67-5;NS(=O)(=O)C1=CC2=C(NC(NS2(=O)=O)C(Cl)Cl)C=C1Cl;Training Set;C (D if used in pregnancy induced hypertension);D;0,948;4,685;1,402;2,099;0,565;1,643;0,729;1,077;-0,635;0,123;-0,215;0;4,151
283;Trifluoperazine;117-89-5;CN1CCN(CCCN2C3=C(SC4=C2C=C(C=C4)C(F)(F)F)C=CC=C3)CC1;Test Set;C;D;0,876;4,139;1,81;2,036;1,13;0,759;1,118;0,762;-0,054;0,012;-0,042;0;0
284;Trimethadione;127-48-0;CN1C(=O)OC(C)(C)C1=O;Training Set;D;D;1;3,767;1,068;1,756;0;1,154;0,694;1,359;-0,414;0,194;0,199;-0,868;0
285;Trimethobenzamide;138-56-7;COC1=CC(=CC(OC)=C1OC)C(=O)NCC2=CC=C(OCCN(C)C)C=C2;Training Set;C;D;0,75;3,911;1,757;1,985;1,29;1,177;0,927;0,954;-0,285;-0,276;-0,269;-0,231;1,976
286;Tripelennamine;91-81-6;CN(C)CCN(CC1=CC=CC=C1)C2=CC=CC=N2;Training Set;B;N;0,9;3,85;1,749;1,984;0,955;1,425;0,855;1,084;-0,288;-0,321;-0,321;0;0
287;Triprolidine;486-12-4;CC1=CC=C(C=C1)\C(=C/CN2CCCC2)C3=CC=CC=N3;Training Set;C;D;0,841;3,918;1,707;2,007;0,958;1,201;1,105;0,819;-0,135;-0,116;-0,116;1,238;0
288;Tyropanoate;27293-82-9;CCCC(=O)NC1=C(I)C=C(I)C(CC(CC)C(O)=O)=C1I;Training Set;D;D;0,845;10,679;1,662;1,932;0,744;0,511;0,821;1,044;0,005;0,502;0,42;-0,778;1,942
289;Valproic Acid;99-66-1;CCCC(CCC)C(O)=O;Training Set;D;D;0;3,611;1,41;1,864;0,354;0,625;0,563;1,125;-0,028;-0,306;-0,306;-0,635;0
290;Vitamin a;11103-57-4;CC(=C/CO)\C=C\C=C(C)\C=C\C1=C(C)CCCC1(C)C;Test Set;A (X if used above US RDA);N;0,863;3,845;1,676;1,995;1,174;0,5;0,375;0,375;0;-0,038;-0,038;5,358;0
291;Warfarin;81-81-2;CC(=O)CC(C1=CC=CC=C1)C2=C(O)C3=C(OC2=O)C=CC=C3;Training Set;D (X according to manufactor);D;0,887;3,961;1,677;2,03;0,883;0,666;0,761;1,051;-0,032;0,04;0,04;-0,667;0
292;Xylometazoline;526-36-3;CC1=CC(=CC(C)=C1CC2=NCCN2)C(C)(C)C;Training Set;A;N;0,888;3,929;1,559;2,022;1,117;1,007;0,683;0,383;-0,112;-0,071;-0,071;1,143;1,632
